{
  "Foreground Color (Dark)" : {
    "Red Component" : 0.59999999999999998,
    "Color Space" : "sRGB",
    "Blue Component" : 0.80784313725490198,
    "Alpha Component" : 1,
    "Green Component" : 0.81960784313725488
  },
  "HotKey Modifier Flags" : 262144,
  "Ansi 15 Color (Dark)" : {
    "Red Component" : 0.59999999999999998,
    "Color Space" : "sRGB",
    "Blue Component" : 0.80784313725490198,
    "Alpha Component" : 1,
    "Green Component" : 0.81960784313725488
  },
  "Close Sessions On End" : true,
  "Non-ASCII Anti Aliased" : true,
  "Cursor Text Color" : {
    "Red Component" : 1,
    "Color Space" : "sRGB",
    "Blue Component" : 1,
    "Alpha Component" : 1,
    "Green Component" : 1
  },
  "Prompt Before Closing 2" : false,
  "Ansi 3 Color (Dark)" : {
    "Red Component" : 0.92941176470588238,
    "Color Space" : "sRGB",
    "Blue Component" : 0.2627450980392157,
    "Alpha Component" : 1,
    "Green Component" : 0.70588235294117652
  },
  "HotKey Window Floats" : true,
  "Ansi 12 Color (Dark)" : {
    "Red Component" : 0.098039215686274508,
    "Color Space" : "sRGB",
    "Blue Component" : 0.40000000000000002,
    "Alpha Component" : 1,
    "Green Component" : 0.32941176470588235
  },
  "HotKey Modifier Activation" : 0,
  "Mouse Reporting" : true,
  "Disable Window Resizing" : true,
  "BM Growl" : true,
  "Background Color (Dark)" : {
    "Red Component" : 0.047058823529411764,
    "Color Space" : "sRGB",
    "Blue Component" : 0.078431372549019607,
    "Alpha Component" : 1,
    "Green Component" : 0.062745098039215685
  },
  "Guid" : "C6246A7C-4BAB-421D-BA7D-29E0B517F792",
  "Cursor Color (Dark)" : {
    "Red Component" : 0.59999999999999998,
    "Color Space" : "sRGB",
    "Blue Component" : 0.80784313725490198,
    "Alpha Component" : 1,
    "Green Component" : 0.81960784313725488
  },
  "HotKey Window AutoHides" : true,
  "Selection Color (Dark)" : {
    "Red Component" : 0.039215686274509803,
    "Color Space" : "sRGB",
    "Blue Component" : 0.28627450980392155,
    "Alpha Component" : 1,
    "Green Component" : 0.21568627450980393
  },
  "HotKey Characters" : "`",
  "Only The Default BG Color Uses Transparency" : true,
  "Scrollback Lines" : 0,
  "Badge Color (Dark)" : {
    "Red Component" : 0.92929404973983765,
    "Color Space" : "P3",
    "Blue Component" : 0.13960540294647217,
    "Alpha Component" : 0.5,
    "Green Component" : 0.25479039549827576
  },
  "Ansi 0 Color (Dark)" : {
    "Red Component" : 0.047058823529411764,
    "Color Space" : "sRGB",
    "Blue Component" : 0.078431372549019607,
    "Alpha Component" : 1,
    "Green Component" : 0.062745098039215685
  },
  "Transparency" : 0,
  "Bound Hosts" : [

  ],
  "Use Bright Bold" : true,
  "Horizontal Spacing" : 1,
  "Ansi 13 Color (Light)" : {
    "Red Component" : 0.30588235294117649,
    "Color Space" : "sRGB",
    "Blue Component" : 0.40000000000000002,
    "Alpha Component" : 1,
    "Green Component" : 0.31764705882352939
  },
  "Blur" : true,
  "Ansi 13 Color" : {
    "Red Component" : 0.8821563720703125,
    "Color Space" : "sRGB",
    "Blue Component" : 0.8821563720703125,
    "Alpha Component" : 1,
    "Green Component" : 0.4927266538143158
  },
  "Ansi 2 Color (Dark)" : {
    "Red Component" : 0.16470588235294117,
    "Color Space" : "sRGB",
    "Blue Component" : 0.53725490196078429,
    "Alpha Component" : 1,
    "Green Component" : 0.6588235294117647
  },
  "Cursor Color" : {
    "Red Component" : 0,
    "Color Space" : "sRGB",
    "Blue Component" : 0,
    "Alpha Component" : 1,
    "Green Component" : 0
  },
  "Option Key Sends" : 0,
  "Idle Code" : 0,
  "Ansi 13 Color (Dark)" : {
    "Red Component" : 0.30588235294117649,
    "Color Space" : "sRGB",
    "Blue Component" : 0.40000000000000002,
    "Alpha Component" : 1,
    "Green Component" : 0.31764705882352939
  },
  "HotKey Window Reopens On Activation" : false,
  "Send Code When Idle" : false,
  "Selection Color" : {
    "Red Component" : 0.70196080207824707,
    "Color Space" : "sRGB",
    "Blue Component" : 1,
    "Alpha Component" : 1,
    "Green Component" : 0.84313726425170898
  },
  "Terminal Type" : "xterm-256color",
  "Right Option Key Sends" : 0,
  "Background Color" : {
    "Red Component" : 0.97999999999999998,
    "Color Space" : "sRGB",
    "Blue Component" : 0.97999999999999998,
    "Alpha Component" : 1,
    "Green Component" : 0.97999999999999998
  },
  "Ansi 10 Color (Dark)" : {
    "Red Component" : 0.16470588235294117,
    "Color Space" : "sRGB",
    "Blue Component" : 0.53725490196078429,
    "Alpha Component" : 1,
    "Green Component" : 0.6588235294117647
  },
  "Ansi 10 Color" : {
    "Red Component" : 0.3450070321559906,
    "Color Space" : "sRGB",
    "Blue Component" : 0.56541937589645386,
    "Alpha Component" : 1,
    "Green Component" : 0.9042816162109375
  },
  "Vertical Spacing" : 1.2,
  "Columns" : 120,
  "Ansi 2 Color (Light)" : {
    "Red Component" : 0.16470588235294117,
    "Color Space" : "sRGB",
    "Blue Component" : 0.53725490196078429,
    "Alpha Component" : 1,
    "Green Component" : 0.6588235294117647
  },
  "Screen" : 0,
  "Cursor Text Color (Dark)" : {
    "Red Component" : 0.066666666666666666,
    "Color Space" : "sRGB",
    "Blue Component" : 0.10980392156862745,
    "Alpha Component" : 1,
    "Green Component" : 0.082352941176470587
  },
  "Description" : "Default",
  "Unlimited Scrollback" : true,
  "Use Italic Font" : true,
  "Working Directory" : "\/Users\/balamurugank",
  "Selected Text Color (Dark)" : {
    "Red Component" : 0.59999999999999998,
    "Color Space" : "sRGB",
    "Blue Component" : 0.80784313725490198,
    "Alpha Component" : 1,
    "Green Component" : 0.81960784313725488
  },
  "Visual Bell" : true,
  "Link Color (Light)" : {
    "Red Component" : 0.098039215686274508,
    "Color Space" : "sRGB",
    "Blue Component" : 0.40000000000000002,
    "Alpha Component" : 1,
    "Green Component" : 0.32941176470588235
  },
  "Ansi 1 Color (Dark)" : {
    "Red Component" : 0.76078431372549016,
    "Color Space" : "sRGB",
    "Blue Component" : 0.15294117647058825,
    "Alpha Component" : 1,
    "Green Component" : 0.19215686274509805
  },
  "Default Bookmark" : "No",
  "Ansi 14 Color (Light)" : {
    "Red Component" : 0.20000000000000001,
    "Color Space" : "sRGB",
    "Blue Component" : 0.61960784313725492,
    "Alpha Component" : 1,
    "Green Component" : 0.52156862745098043
  },
  "Ansi 7 Color (Light)" : {
    "Red Component" : 0.59999999999999998,
    "Color Space" : "sRGB",
    "Blue Component" : 0.80784313725490198,
    "Alpha Component" : 1,
    "Green Component" : 0.81960784313725488
  },
  "Ansi 3 Color (Light)" : {
    "Red Component" : 0.92941176470588238,
    "Color Space" : "sRGB",
    "Blue Component" : 0.2627450980392157,
    "Alpha Component" : 1,
    "Green Component" : 0.70588235294117652
  },
  "Ansi 9 Color (Dark)" : {
    "Red Component" : 0.76078431372549016,
    "Color Space" : "sRGB",
    "Blue Component" : 0.15294117647058825,
    "Alpha Component" : 1,
    "Green Component" : 0.19215686274509805
  },
  "Badge Color (Light)" : {
    "Red Component" : 0.92929404973983765,
    "Color Space" : "P3",
    "Blue Component" : 0.13960540294647217,
    "Alpha Component" : 0.5,
    "Green Component" : 0.25479039549827576
  },
  "Ansi 14 Color (Dark)" : {
    "Red Component" : 0.20000000000000001,
    "Color Space" : "sRGB",
    "Blue Component" : 0.61960784313725492,
    "Alpha Component" : 1,
    "Green Component" : 0.52156862745098043
  },
  "Tags" : [

  ],
  "Link Color (Dark)" : {
    "Red Component" : 0.098039215686274508,
    "Color Space" : "sRGB",
    "Blue Component" : 0.40000000000000002,
    "Alpha Component" : 1,
    "Green Component" : 0.32941176470588235
  },
  "Custom Command" : "No",
  "Jobs to Ignore" : [
    "rlogin",
    "ssh",
    "slogin",
    "telnet"
  ],
  "Use Non-ASCII Font" : false,
  "Custom Directory" : "Recycle",